,precision,recall,f1-score,support
LAYING,1.0,1.0,1.0,293.0
SITTING,0.975103734439834,0.8901515151515151,0.9306930693069307,264.0
STANDING,0.9052287581699346,0.9787985865724381,0.9405772495755518,283.0
WALKING,1.0,1.0,1.0,229.0
WALKING_DOWNSTAIRS,1.0,1.0,1.0,200.0
WALKING_UPSTAIRS,1.0,1.0,1.0,216.0
accuracy,0.9764309764309764,0.9764309764309764,0.9764309764309764,0.9764309764309764
macro avg,0.9800554154349616,0.9781583502873256,0.9785450531470804,1485.0
weighted avg,0.9775132151206786,0.9764309764309764,0.976354432274014,1485.0
