,precision,recall,f1-score,support
LAYING,1.0,0.8805460750853242,0.9364791288566243,293.0
SITTING,0.9590909090909091,0.7992424242424242,0.871900826446281,264.0
STANDING,0.7624309392265194,0.9752650176678446,0.8558139534883721,283.0
WALKING,0.987012987012987,0.9956331877729258,0.991304347826087,229.0
WALKING_DOWNSTAIRS,1.0,0.93,0.9637305699481865,200.0
WALKING_UPSTAIRS,0.9473684210526315,1.0,0.972972972972973,216.0
accuracy,0.9259259259259259,0.9259259259259259,0.9259259259259259,0.9259259259259259
macro avg,0.9426505427305077,0.9301144507947531,0.9320336332564206,1485.0
weighted avg,0.9377949554036684,0.9259259259259259,0.927058938436358,1485.0
