,precision,recall,f1-score,support
LAYING,1.0,1.0,1.0,293.0
SITTING,0.9380165289256198,0.8598484848484849,0.8972332015810276,264.0
STANDING,0.8786885245901639,0.9469964664310954,0.9115646258503401,283.0
WALKING,0.9956521739130435,1.0,0.9978213507625272,229.0
WALKING_DOWNSTAIRS,1.0,0.995,0.9974937343358395,200.0
WALKING_UPSTAIRS,1.0,1.0,1.0,216.0
accuracy,0.9643097643097643,0.9643097643097643,0.9643097643097643,0.9643097643097643
macro avg,0.9687262045714712,0.9669741585465967,0.9673521520882891,1485.0
weighted avg,0.9651916255363415,0.9643097643097643,0.9642034953029119,1485.0
