model,mean_cv_accuracy,std_cv_accuracy,mean_cv_error,mean_train_accuracy,mean_fit_time,mean_score_time
XGBClassifier,0.911172677786942,0.05644142398046172,0.088827322213058,1.0,51.56344299316406,0.09287176132202149
